"MSE","0.0"
"MAPE","0.0"
"SMAPE","0.0"
"Training Time","0.20763301849365234"
"Inference Time","0.00046896934509277344"
