"MSE","0.0"
"MAPE","0.0"
"SMAPE","0.0"
"Training Time","0.02055501937866211"
"Inference Time","0.00047206878662109375"
