"MSE","0.0"
"MAPE","0.0"
"SMAPE","0.0"
"Training Time","0.054508209228515625"
"Inference Time","0.0017499923706054688"
