"MSE","0.0"
"MAPE","0.0"
"SMAPE","0.0"
"Training Time","0.052240848541259766"
"Inference Time","0.0004830360412597656"
