"MSE","1.0"
"MAPE","inf"
"SMAPE","200.0"
"Training Time","0.0021686553955078125"
"Inference Time","0.0018470287322998047"
