"MSE","0.0"
"MAPE","0.0"
"SMAPE","0.0"
"Training Time","0.10661721229553223"
"Inference Time","0.00048613548278808594"
