"MSE","1.0"
"MAPE","inf"
"SMAPE","200.0"
"Training Time","0.0073888301849365234"
"Inference Time","0.0025641918182373047"
