"MSE","0.0"
"MAPE","0.0"
"SMAPE","0.0"
"Training Time","0.061432838439941406"
"Inference Time","0.0014100074768066406"
