"MSE","0.0"
"MAPE","0.0"
"SMAPE","0.0"
"Training Time","0.07912707328796387"
"Inference Time","0.00044798851013183594"
