"MSE","1.0"
"MAPE","inf"
"SMAPE","200.0"
"Training Time","0.0028829574584960938"
"Inference Time","0.0024518966674804688"
