"MSE","1.0"
"MAPE","inf"
"SMAPE","200.0"
"Training Time","0.0026710033416748047"
"Inference Time","0.0022580623626708984"
