"MSE","0.0"
"MAPE","0.0"
"SMAPE","0.0"
"Training Time","0.050254106521606445"
"Inference Time","0.0012631416320800781"
