"MSE","1.0"
"MAPE","inf"
"SMAPE","200.0"
"Training Time","0.0021572113037109375"
"Inference Time","0.0018341541290283203"
