"MSE","0.0"
"MAPE","0.0"
"SMAPE","0.0"
"Training Time","0.12223672866821289"
"Inference Time","0.00047397613525390625"
